Name,#1,#2,#3,#4,#5,#6,#7,#8,#9,#10,Mean
TodoMVC-JavaScript-ES5,165.30000000447035,115.79999999701977,117.09999999403954,114.40000000596046,115.70000000298023,112.99999999254942,143,114.30000000447035,115.10000000149012,114.70000000298023,122.84000000059605
TodoMVC-JavaScript-ES5/Adding100Items,118.70000000298023,74,74.59999999403954,73.40000000596046,74.5,73,89.20000000298023,73.30000000447035,73.90000000596046,73.60000000149012,79.82000000178815
TodoMVC-JavaScript-ES5/Adding100Items/Sync,72.20000000298023,64.19999999552965,66.09999999403954,64.20000000298023,65.20000000298023,64.60000000149012,73.89999999850988,64.89999999850988,64.60000000149012,64.30000000447035,66.42000000029802
TodoMVC-JavaScript-ES5/Adding100Items/Async,46.5,9.800000004470348,8.5,9.200000002980232,9.299999997019768,8.399999998509884,15.300000004470348,8.400000005960464,9.300000004470348,9.299999997019768,13.400000001490117
TodoMVC-JavaScript-ES5/CompletingAllItems,30.799999997019768,26.5,25.100000001490116,26,26.100000001490116,25.19999999552965,32.79999999701977,25.5,26.19999999552965,26,27.019999998807908
TodoMVC-JavaScript-ES5/CompletingAllItems/Sync,21,19,18.5,18.5,18.600000001490116,18.5,19.799999997019768,18.80000000447035,18.799999997019768,18.5,19
TodoMVC-JavaScript-ES5/CompletingAllItems/Async,9.799999997019768,7.5,6.600000001490116,7.5,7.5,6.699999995529652,13,6.699999995529652,7.399999998509884,7.5,8.019999998807908
TodoMVC-JavaScript-ES5/DeletingAllItems,15.800000004470348,15.299999997019768,17.399999998509884,15,15.100000001490116,14.799999997019768,21,15.5,15,15.100000001490116,16
TodoMVC-JavaScript-ES5/DeletingAllItems/Sync,15.100000001490116,14.600000001490116,16.5,14.399999998509884,14.5,14.299999997019768,15.099999994039536,14.899999998509884,14.400000005960464,14.5,14.829999999701977
TodoMVC-JavaScript-ES5/DeletingAllItems/Async,0.7000000029802322,0.6999999955296516,0.8999999985098839,0.6000000014901161,0.6000000014901161,0.5,5.9000000059604645,0.6000000014901161,0.5999999940395355,0.6000000014901161,1.1700000002980233
TodoMVC-JavaScript-ES6-Webpack-Complex-DOM,136.20000000298023,128.89999999850988,134.90000000596046,147.50000000745058,129.59999998658895,130.2000000104308,146.89999999850988,130.79999999701977,151.3999999910593,129.19999999552965,136.55999999940394
TodoMVC-JavaScript-ES6-Webpack-Complex-DOM/Adding100Items,51.100000001490116,45.29999999701977,48.29999999701977,56.70000000298023,45.69999999552965,45.80000000447035,56.600000001490116,45.899999998509884,56.69999999552965,45.5,49.75999999940395
TodoMVC-JavaScript-ES6-Webpack-Complex-DOM/Adding100Items/Sync,36.70000000298023,35.099999994039536,37.5,45.600000001490116,35.29999999701977,35.30000000447035,45.5,35.399999998509884,45.5,35.20000000298023,38.71000000014901
TodoMVC-JavaScript-ES6-Webpack-Complex-DOM/Adding100Items/Async,14.399999998509884,10.200000002980232,10.799999997019768,11.100000001490116,10.399999998509884,10.5,11.100000001490116,10.5,11.199999995529652,10.299999997019768,11.049999999254942
TodoMVC-JavaScript-ES6-Webpack-Complex-DOM/CompletingAllItems,51.600000001490116,50,52.30000000447035,57.20000000298023,50.19999999552965,50.600000001490116,56.79999999701977,50.899999998509884,58,50.099999994039536,52.769999999552965
TodoMVC-JavaScript-ES6-Webpack-Complex-DOM/CompletingAllItems/Sync,39.5,38.099999994039536,40,37.900000005960464,38.19999999552965,38.399999998509884,38.29999999701977,38.5,39,37.69999999552965,38.559999998658895
TodoMVC-JavaScript-ES6-Webpack-Complex-DOM/CompletingAllItems/Async,12.100000001490116,11.900000005960464,12.300000004470348,19.299999997019768,12,12.200000002980232,18.5,12.399999998509884,19,12.399999998509884,14.21000000089407
TodoMVC-JavaScript-ES6-Webpack-Complex-DOM/DeletingAllItems,33.5,33.600000001490116,34.30000000447035,33.600000001490116,33.69999999552965,33.80000000447035,33.5,34,36.69999999552965,33.600000001490116,34.03000000044703
TodoMVC-JavaScript-ES6-Webpack-Complex-DOM/DeletingAllItems/Sync,31.399999998509884,31.399999998509884,32.100000001490116,31.100000001490116,31.5,31.600000001490116,31.100000001490116,31.69999999552965,34.099999994039536,31.400000005960464,31.739999999850987
TodoMVC-JavaScript-ES6-Webpack-Complex-DOM/DeletingAllItems/Async,2.100000001490116,2.2000000029802322,2.2000000029802322,2.5,2.1999999955296516,2.2000000029802322,2.399999998509884,2.3000000044703484,2.600000001490116,2.1999999955296516,2.2900000005960464
TodoMVC-WebComponents,51.30000000447035,42.19999999552965,43.5,41.399999998509884,41.899999998509884,42.29999999701977,41.20000000298023,41.79999999701977,40.69999998807907,41.00000000745058,42.72999999895692
TodoMVC-WebComponents/Adding100Items,31.799999997019768,23.399999998509884,23.899999998509884,22.5,22.899999998509884,23.30000000447035,22.700000002980232,22.899999998509884,22.19999999552965,22.600000001490116,23.819999999552966
TodoMVC-WebComponents/Adding100Items/Sync,16,12.099999994039536,11.899999998509884,11.199999995529652,11.399999998509884,11.400000005960464,11.399999998509884,11.300000004470348,11.099999994039536,11.300000004470348,11.909999999403954
TodoMVC-WebComponents/Adding100Items/Async,15.799999997019768,11.300000004470348,12,11.300000004470348,11.5,11.899999998509884,11.300000004470348,11.599999994039536,11.100000001490116,11.299999997019768,11.910000000149012
TodoMVC-WebComponents/CompletingAllItems,11.800000004470348,11.5,12,11.5,11.299999997019768,11.599999994039536,11.200000002980232,11.5,11.299999997019768,11.300000004470348,11.5
TodoMVC-WebComponents/CompletingAllItems/Sync,5.5,5.199999995529652,5.5,5.199999995529652,5,5.199999995529652,5,5.200000002980232,5.100000001490116,5.100000001490116,5.199999999254942
TodoMVC-WebComponents/CompletingAllItems/Async,6.300000004470348,6.300000004470348,6.5,6.300000004470348,6.299999997019768,6.399999998509884,6.200000002980232,6.299999997019768,6.199999995529652,6.200000002980232,6.300000000745058
TodoMVC-WebComponents/DeletingAllItems,7.700000002980232,7.299999997019768,7.600000001490116,7.399999998509884,7.700000002980232,7.399999998509884,7.299999997019768,7.399999998509884,7.199999995529652,7.100000001490116,7.409999999403953
TodoMVC-WebComponents/DeletingAllItems/Sync,7.100000001490116,6.5999999940395355,6.899999998509884,6.699999995529652,6.700000002980232,6.600000001490116,6.600000001490116,6.700000002980232,6.600000001490116,6.5,6.7
TodoMVC-WebComponents/DeletingAllItems/Async,0.6000000014901161,0.7000000029802322,0.7000000029802322,0.7000000029802322,1,0.7999999970197678,0.6999999955296516,0.6999999955296516,0.5999999940395355,0.6000000014901161,0.7099999994039535
TodoMVC-React-Complex-DOM,88.40000000596046,84.89999999850988,82.69999999552965,80.40000000596046,81.79999999701977,145,80.19999999552965,83.29999999701977,80.60000000149012,103.8999999910593,91.11999999880791
TodoMVC-React-Complex-DOM/Adding100Items,42.70000000298023,41.5,39.399999998509884,37.5,38.100000001490116,89.89999999850988,37,38.399999998509884,37.399999998509884,49.29999999701977,45.11999999955297
TodoMVC-React-Complex-DOM/Adding100Items/Sync,30.200000002980232,29.700000002980232,26.399999998509884,26,26.200000002980232,35.79999999701977,25.5,26.5,25.899999998509884,33.69999999552965,28.58999999985099
TodoMVC-React-Complex-DOM/Adding100Items/Async,12.5,11.799999997019768,13,11.5,11.899999998509884,54.100000001490116,11.5,11.899999998509884,11.5,15.600000001490116,16.529999999701978
TodoMVC-React-Complex-DOM/CompletingAllItems,30.600000001490116,28.5,28.899999998509884,28.700000002980232,28.5,39.5,29,30.299999997019768,28.80000000447035,38.099999994039536,31.08999999985099
TodoMVC-React-Complex-DOM/CompletingAllItems/Sync,18.299999997019768,17,17.100000001490116,17.200000002980232,17.100000001490116,18.600000001490116,17.5,18.600000001490116,17.30000000447035,18.399999998509884,17.71000000089407
TodoMVC-React-Complex-DOM/CompletingAllItems/Async,12.300000004470348,11.5,11.799999997019768,11.5,11.399999998509884,20.899999998509884,11.5,11.699999995529652,11.5,19.69999999552965,13.379999998956919
TodoMVC-React-Complex-DOM/DeletingAllItems,15.100000001490116,14.899999998509884,14.399999998509884,14.200000002980232,15.199999995529652,15.600000001490116,14.199999995529652,14.600000001490116,14.399999998509884,16.5,14.909999999403954
TodoMVC-React-Complex-DOM/DeletingAllItems/Sync,12.900000005960464,12.799999997019768,12.299999997019768,12,12.399999998509884,13.200000002980232,12,12.299999997019768,12.100000001490116,13,12.5
TodoMVC-React-Complex-DOM/DeletingAllItems/Async,2.1999999955296516,2.100000001490116,2.100000001490116,2.2000000029802322,2.7999999970197678,2.399999998509884,2.1999999955296516,2.3000000044703484,2.2999999970197678,3.5,2.4099999994039534
TodoMVC-React-Redux,86.79999998956919,85.90000000596046,82.60000000149012,80.79999999701977,80.90000000596046,82.5,82.19999999552965,81.30000000447035,82.6000000089407,80.80000000447035,82.64000000134111
TodoMVC-React-Redux/Adding100Items,38.69999999552965,40.100000001490116,36.80000000447035,35.399999998509884,35.399999998509884,37.100000001490116,36.19999999552965,36.5,36.900000005960464,36,36.91000000014901
TodoMVC-React-Redux/Adding100Items/Sync,30.799999997019768,32.20000000298023,28.80000000447035,27.5,27.5,28,28.299999997019768,27.5,28.600000001490116,27.600000001490116,28.680000000447034
TodoMVC-React-Redux/Adding100Items/Async,7.899999998509884,7.899999998509884,8,7.899999998509884,7.899999998509884,9.100000001490116,7.899999998509884,9,8.300000004470348,8.399999998509884,8.229999999701977
TodoMVC-React-Redux/CompletingAllItems,32.599999994039536,30.100000001490116,30.299999997019768,31,31.200000002980232,30.200000002980232,31.200000002980232,30,31.299999997019768,30,30.789999999850988
TodoMVC-React-Redux/CompletingAllItems/Sync,25.399999998509884,23.30000000447035,23.099999994039536,24.299999997019768,23.399999998509884,23.200000002980232,24.200000002980232,23.100000001490116,24.5,23.200000002980232,23.770000000298023
TodoMVC-React-Redux/CompletingAllItems/Async,7.199999995529652,6.799999997019768,7.200000002980232,6.700000002980232,7.800000004470348,7,7,6.899999998509884,6.799999997019768,6.799999997019768,7.019999999552965
TodoMVC-React-Redux/DeletingAllItems,15.5,15.700000002980232,15.5,14.399999998509884,14.300000004470348,15.199999995529652,14.799999997019768,14.800000004470348,14.400000005960464,14.800000004470348,14.940000001341105
TodoMVC-React-Redux/DeletingAllItems/Sync,15,14.399999998509884,14.200000002980232,13.799999997019768,13.800000004470348,14.5,14.200000002980232,14.200000002980232,13.900000005960464,14.300000004470348,14.230000001937151
TodoMVC-React-Redux/DeletingAllItems/Async,0.5,1.3000000044703484,1.2999999970197678,0.6000000014901161,0.5,0.6999999955296516,0.5999999940395355,0.6000000014901161,0.5,0.5,0.7099999994039535
TodoMVC-Backbone,67.10000000149012,64.39999999850988,78.19999999552965,60.5,60.399999998509884,59.29999999701977,60.19999999552965,59.5,60.600000001490116,59.29999999701977,62.94999999850988
TodoMVC-Backbone/Adding100Items,35.70000000298023,35,38.100000001490116,31.100000001490116,31,30.899999998509884,31,31,31.19999999552965,30.899999998509884,32.58999999985099
TodoMVC-Backbone/Adding100Items/Sync,26.80000000447035,26.899999998509884,24.399999998509884,23.600000001490116,23.69999999552965,23.600000001490116,23.600000001490116,23.69999999552965,23.799999997019768,23.600000001490116,24.369999999552967
TodoMVC-Backbone/Adding100Items/Async,8.899999998509884,8.100000001490116,13.700000002980232,7.5,7.300000004470348,7.299999997019768,7.399999998509884,7.300000004470348,7.399999998509884,7.299999997019768,8.220000000298024
TodoMVC-Backbone/CompletingAllItems,19.700000002980232,18.600000001490116,29.899999998509884,19.5,18.5,18.600000001490116,19.5,18.599999994039536,19.600000001490116,18.399999998509884,20.08999999985099
TodoMVC-Backbone/CompletingAllItems/Sync,12,11.899999998509884,12.099999994039536,11.600000001490116,11.699999995529652,11.700000002980232,11.600000001490116,11.899999998509884,11.700000002980232,11.600000001490116,11.779999999701976
TodoMVC-Backbone/CompletingAllItems/Async,7.700000002980232,6.700000002980232,17.80000000447035,7.899999998509884,6.800000004470348,6.899999998509884,7.899999998509884,6.699999995529652,7.899999998509884,6.799999997019768,8.310000000149012
TodoMVC-Backbone/DeletingAllItems,11.699999995529652,10.799999997019768,10.199999995529652,9.899999998509884,10.899999998509884,9.799999997019768,9.699999995529652,9.900000005960464,9.800000004470348,10,10.269999998807908
TodoMVC-Backbone/DeletingAllItems/Sync,10.899999998509884,9.899999998509884,9.399999998509884,9.100000001490116,8.899999998509884,9,8.899999998509884,9.100000001490116,9.100000001490116,9.100000001490116,9.339999999850988
TodoMVC-Backbone/DeletingAllItems/Async,0.7999999970197678,0.8999999985098839,0.7999999970197678,0.7999999970197678,2,0.7999999970197678,0.7999999970197678,0.8000000044703484,0.7000000029802322,0.8999999985098839,0.9299999989569188
TodoMVC-Angular-Complex-DOM,96.10000000149012,84.09999999403954,74.8999999910593,76.90000000596046,75.79999999701977,75.70000000298023,76.20000000298023,76.6000000089407,77.5,75.20000000298023,78.90000000074505
TodoMVC-Angular-Complex-DOM/Adding100Items,62.70000000298023,50.19999999552965,44.29999999701977,44.399999998509884,44.19999999552965,44.899999998509884,44.30000000447035,45.70000000298023,44.79999999701977,44.70000000298023,47.019999999552965
TodoMVC-Angular-Complex-DOM/Adding100Items/Sync,49.20000000298023,38.600000001490116,32.19999999552965,33.80000000447035,33.69999999552965,33,33.70000000298023,33.70000000298023,34.19999999552965,32.70000000298023,35.480000000447035
TodoMVC-Angular-Complex-DOM/Adding100Items/Async,13.5,11.599999994039536,12.100000001490116,10.599999994039536,10.5,11.899999998509884,10.600000001490116,12,10.600000001490116,12,11.53999999910593
TodoMVC-Angular-Complex-DOM/CompletingAllItems,21.099999994039536,20.69999999552965,19.599999994039536,21.200000002980232,19.600000001490116,19.700000002980232,21,19.700000002980232,21.30000000447035,19.700000002980232,20.36000000014901
TodoMVC-Angular-Complex-DOM/CompletingAllItems/Sync,8.799999997019768,8.5,8.299999997019768,8.400000005960464,8.100000001490116,8.399999998509884,8.299999997019768,8.300000004470348,8.399999998509884,8.300000004470348,8.380000000447035
TodoMVC-Angular-Complex-DOM/CompletingAllItems/Async,12.299999997019768,12.199999995529652,11.299999997019768,12.799999997019768,11.5,11.300000004470348,12.700000002980232,11.399999998509884,12.900000005960464,11.399999998509884,11.979999999701977
TodoMVC-Angular-Complex-DOM/DeletingAllItems,12.300000004470348,13.200000002980232,11,11.300000004470348,12,11.100000001490116,10.899999998509884,11.200000002980232,11.399999998509884,10.799999997019768,11.520000001043082
TodoMVC-Angular-Complex-DOM/DeletingAllItems/Sync,10.899999998509884,10.800000004470348,9.600000001490116,9.900000005960464,9.600000001490116,9.699999995529652,9.5,9.800000004470348,10,9.399999998509884,9.920000001043082
TodoMVC-Angular-Complex-DOM/DeletingAllItems/Async,1.4000000059604645,2.399999998509884,1.3999999985098839,1.3999999985098839,2.399999998509884,1.4000000059604645,1.3999999985098839,1.3999999985098839,1.3999999985098839,1.3999999985098839,1.6
TodoMVC-Vue,55.20000000298023,54.00000000745058,51.399999998509884,50,50.399999998509884,55.099999994039536,49.30000000447035,51.600000001490116,50.099999994039536,51.69999999552965,51.87999999970198
TodoMVC-Vue/Adding100Items,31.5,30.899999998509884,27.899999998509884,27.700000002980232,28.19999999552965,27.69999999552965,27.399999998509884,28,27.799999997019768,28.399999998509884,28.549999998509882
TodoMVC-Vue/Adding100Items/Sync,4.600000001490116,4.899999998509884,3.899999998509884,3.899999998509884,4,3.7999999970197678,3.8000000044703484,3.6999999955296516,3.899999998509884,3.899999998509884,4.03999999910593
TodoMVC-Vue/Adding100Items/Async,26.899999998509884,26,24,23.80000000447035,24.19999999552965,23.899999998509884,23.599999994039536,24.30000000447035,23.899999998509884,24.5,24.509999999403952
TodoMVC-Vue/CompletingAllItems,15.100000001490116,14.800000004470348,14.400000005960464,14.600000001490116,14.5,19.399999998509884,14.400000005960464,15.899999998509884,14.600000001490116,15.799999997019768,15.350000001490116
TodoMVC-Vue/CompletingAllItems/Sync,2.100000001490116,1.8999999985098839,1.9000000059604645,1.8000000044703484,1.7999999970197678,1.8999999985098839,1.8000000044703484,1.8999999985098839,1.9000000059604645,1.8999999985098839,1.8900000013411045
TodoMVC-Vue/CompletingAllItems/Async,13,12.900000005960464,12.5,12.799999997019768,12.700000002980232,17.5,12.600000001490116,14,12.699999995529652,13.899999998509884,13.460000000149012
TodoMVC-Vue/DeletingAllItems,8.600000001490116,8.300000004470348,9.099999994039536,7.699999995529652,7.700000002980232,8,7.5,7.700000002980232,7.699999995529652,7.5,7.979999999701977
TodoMVC-Vue/DeletingAllItems/Sync,5,4.800000004470348,4.5999999940395355,4.5999999940395355,4.600000001490116,4.700000002980232,4.5,4.600000001490116,4.5,4.5,4.639999999850988
TodoMVC-Vue/DeletingAllItems/Async,3.600000001490116,3.5,4.5,3.100000001490116,3.100000001490116,3.2999999970197678,3,3.100000001490116,3.1999999955296516,3,3.3399999998509884
TodoMVC-jQuery,274.9999999925494,282.19999998807907,288.69999999552965,257.40000000596046,267.79999999701977,257.1000000014901,256.6000000014901,256.70000000298023,256.30000000447035,254.19999998807907,265.19999999776485
TodoMVC-jQuery/Adding100Items,74.29999999701977,71.09999999403954,71.10000000149012,69.70000000298023,70.60000000149012,71.20000000298023,69.5,71,69.70000000298023,70,70.82000000029802
TodoMVC-jQuery/Adding100Items/Sync,66.69999999552965,64.5,64.29999999701977,62.899999998509884,63.100000001490116,64.30000000447035,62.69999999552965,64.10000000149012,62.80000000447035,63.100000001490116,63.85
TodoMVC-jQuery/Adding100Items/Async,7.600000001490116,6.5999999940395355,6.800000004470348,6.800000004470348,7.5,6.899999998509884,6.800000004470348,6.899999998509884,6.899999998509884,6.899999998509884,6.970000000298024
TodoMVC-jQuery/CompletingAllItems,137.89999999850988,148,122.69999999552965,124.80000000447035,133.69999999552965,122.79999999701977,124.5,122.70000000298023,124,121.59999999403954,128.26999999880792
TodoMVC-jQuery/CompletingAllItems/Sync,128.60000000149012,131.59999999403954,115.69999999552965,116.20000000298023,118.79999999701977,116.19999999552965,116.10000000149012,116.10000000149012,115.60000000149012,114.89999999850988,118.97999999895691
TodoMVC-jQuery/CompletingAllItems/Async,9.299999997019768,16.400000005960464,7,8.600000001490116,14.899999998509884,6.600000001490116,8.399999998509884,6.600000001490116,8.399999998509884,6.699999995529652,9.289999999850988
TodoMVC-jQuery/DeletingAllItems,62.79999999701977,63.099999994039536,94.89999999850988,62.899999998509884,63.5,63.100000001490116,62.600000001490116,63,62.600000001490116,62.599999994039536,66.10999999865889
TodoMVC-jQuery/DeletingAllItems/Sync,62.100000001490116,62.5,82.79999999701977,62.29999999701977,62.79999999701977,62.5,62,62.399999998509884,62,61.899999998509884,64.32999999895692
TodoMVC-jQuery/DeletingAllItems/Async,0.6999999955296516,0.5999999940395355,12.100000001490116,0.6000000014901161,0.7000000029802322,0.6000000014901161,0.6000000014901161,0.6000000014901161,0.6000000014901161,0.6999999955296516,1.7799999997019769
TodoMVC-Preact-Complex-DOM,42.69999999552965,32.70000000298023,31.299999997019768,30.99999999254942,32.5,31.700000002980232,30.899999998509884,32.20000000298023,31,31.100000001490116,32.709999999403955
TodoMVC-Preact-Complex-DOM/Adding100Items,20.200000002980232,16.600000001490116,15.600000001490116,15.5,16.399999998509884,15.900000005960464,15.200000002980232,15.899999998509884,15.399999998509884,15.200000002980232,16.190000001341105
TodoMVC-Preact-Complex-DOM/Adding100Items/Sync,3.2000000029802322,2.100000001490116,1.9000000059604645,1.9000000059604645,2.2000000029802322,1.9000000059604645,1.8999999985098839,1.8999999985098839,1.8999999985098839,1.8999999985098839,2.080000001937151
TodoMVC-Preact-Complex-DOM/Adding100Items/Async,17,14.5,13.699999995529652,13.599999994039536,14.199999995529652,14,13.300000004470348,14,13.5,13.300000004470348,14.109999999403954
TodoMVC-Preact-Complex-DOM/CompletingAllItems,19.099999994039536,12.600000001490116,12.299999997019768,12.299999997019768,12.700000002980232,12.600000001490116,12.5,13,12.5,12.200000002980232,13.179999999701977
TodoMVC-Preact-Complex-DOM/CompletingAllItems/Sync,1.6999999955296516,1.2999999970197678,1.2999999970197678,1.2999999970197678,1.4000000059604645,1.3999999985098839,1.3000000044703484,1.3999999985098839,1.2999999970197678,1.3000000044703484,1.3699999995529653
TodoMVC-Preact-Complex-DOM/CompletingAllItems/Async,17.399999998509884,11.300000004470348,11,11,11.299999997019768,11.200000002980232,11.199999995529652,11.600000001490116,11.200000002980232,10.899999998509884,11.810000000149012
TodoMVC-Preact-Complex-DOM/DeletingAllItems,3.399999998509884,3.5,3.399999998509884,3.1999999955296516,3.399999998509884,3.1999999955296516,3.1999999955296516,3.3000000044703484,3.100000001490116,3.6999999955296516,3.3399999983608724
TodoMVC-Preact-Complex-DOM/DeletingAllItems/Sync,1,1.1000000014901161,1.1000000014901161,1.0999999940395355,1.0999999940395355,1,1,1.1000000014901161,0.8999999985098839,1.5,1.0899999991059304
TodoMVC-Preact-Complex-DOM/DeletingAllItems/Async,2.399999998509884,2.399999998509884,2.2999999970197678,2.100000001490116,2.3000000044703484,2.1999999955296516,2.1999999955296516,2.2000000029802322,2.2000000029802322,2.1999999955296516,2.2499999992549418
TodoMVC-Svelte-Complex-DOM,30.19999999552965,31.00000000745058,28.50000000745058,40.899999998509884,44.399999998509884,28.69999999552965,36.399999998509884,29.299999997019768,52.899999998509884,28.100000001490116,35.03999999985099
TodoMVC-Svelte-Complex-DOM/Adding100Items,15.399999998509884,16,14,14.899999998509884,29.200000002980232,14.299999997019768,20.700000002980232,14.699999995529652,15.5,13.899999998509884,16.859999999403954
TodoMVC-Svelte-Complex-DOM/Adding100Items/Sync,2.5,2.600000001490116,2.3000000044703484,2.5,2.399999998509884,2.399999998509884,2.7000000029802322,2.399999998509884,2.399999998509884,2.399999998509884,2.4600000001490114
TodoMVC-Svelte-Complex-DOM/Adding100Items/Async,12.899999998509884,13.399999998509884,11.699999995529652,12.399999998509884,26.80000000447035,11.899999998509884,18,12.299999997019768,13.100000001490116,11.5,14.399999999254941
TodoMVC-Svelte-Complex-DOM/CompletingAllItems,11.299999997019768,11.300000004470348,11.300000004470348,18,12.100000001490116,11.200000002980232,12.199999995529652,11.5,21.899999998509884,11.100000001490116,13.190000000596047
TodoMVC-Svelte-Complex-DOM/CompletingAllItems/Sync,1.1999999955296516,1.1000000014901161,1.5,1.2000000029802322,1.1000000014901161,1.3000000044703484,1.2999999970197678,1.3000000044703484,1.5,1.1999999955296516,1.2700000002980232
TodoMVC-Svelte-Complex-DOM/CompletingAllItems/Async,10.100000001490116,10.200000002980232,9.800000004470348,16.799999997019768,11,9.899999998509884,10.899999998509884,10.199999995529652,20.399999998509884,9.900000005960464,11.920000000298023
TodoMVC-Svelte-Complex-DOM/DeletingAllItems,3.5,3.7000000029802322,3.2000000029802322,8,3.0999999940395355,3.1999999955296516,3.5,3.100000001490116,15.5,3.100000001490116,4.989999999850989
TodoMVC-Svelte-Complex-DOM/DeletingAllItems/Sync,1.1000000014901161,1.1000000014901161,1,0.7999999970197678,0.8999999985098839,1,1,1,0.8999999985098839,1,0.9799999997019768
TodoMVC-Svelte-Complex-DOM/DeletingAllItems/Async,2.399999998509884,2.600000001490116,2.2000000029802322,7.200000002980232,2.1999999955296516,2.1999999955296516,2.5,2.100000001490116,14.600000001490116,2.100000001490116,4.010000000149011
TodoMVC-Lit-Complex-DOM,52.80000001192093,49.20000000298023,48.599999994039536,47.899999998509884,48.899999998509884,51.70000000298023,48.20000000298023,52.600000001490116,47.899999998509884,48.70000000298023,49.65000000149011
TodoMVC-Lit-Complex-DOM/Adding100Items,26.30000000447035,24.5,24,23.799999997019768,24.30000000447035,24.5,24,27.200000002980232,23.69999999552965,24.30000000447035,24.66000000089407
TodoMVC-Lit-Complex-DOM/Adding100Items/Sync,2.3000000044703484,2.2000000029802322,2,2,2.100000001490116,2,1.9000000059604645,2,2,2,2.0500000014901163
TodoMVC-Lit-Complex-DOM/Adding100Items/Async,24,22.299999997019768,22,21.799999997019768,22.200000002980232,22.5,22.099999994039536,25.200000002980232,21.69999999552965,22.30000000447035,22.609999999403954
TodoMVC-Lit-Complex-DOM/CompletingAllItems,21.200000002980232,19.700000002980232,19.899999998509884,19.5,19.799999997019768,22.399999998509884,19.600000001490116,20.5,19.5,19.80000000447035,20.190000000596047
TodoMVC-Lit-Complex-DOM/CompletingAllItems/Sync,2.7000000029802322,2.399999998509884,2.1999999955296516,2.2999999970197678,2.2999999970197678,2.399999998509884,2.2999999970197678,2.399999998509884,2.1999999955296516,2.3000000044703484,2.349999998509884
TodoMVC-Lit-Complex-DOM/CompletingAllItems/Async,18.5,17.30000000447035,17.700000002980232,17.200000002980232,17.5,20,17.30000000447035,18.100000001490116,17.30000000447035,17.5,17.840000002086164
TodoMVC-Lit-Complex-DOM/DeletingAllItems,5.300000004470348,5,4.699999995529652,4.600000001490116,4.799999997019768,4.800000004470348,4.600000001490116,4.899999998509884,4.700000002980232,4.5999999940395355,4.8
TodoMVC-Lit-Complex-DOM/DeletingAllItems/Sync,2.3000000044703484,2,1.8999999985098839,1.8000000044703484,2,1.8999999985098839,1.7999999970197678,2.1999999955296516,1.9000000059604645,1.8999999985098839,1.9700000002980231
TodoMVC-Lit-Complex-DOM/DeletingAllItems/Async,3,3,2.7999999970197678,2.7999999970197678,2.7999999970197678,2.9000000059604645,2.8000000044703484,2.7000000029802322,2.7999999970197678,2.6999999955296516,2.8299999997019767
NewsSite-Next,247.39999999850988,230.69999998807907,226.39999999850988,221,224.20000000298023,224.99999999254942,221.79999999701977,284.70000000298023,221.70000000298023,224.50000000745058,232.73999999910592
NewsSite-Next/NavigateToUS,112.59999999403954,103.19999999552965,98.80000000447035,96.90000000596046,100.29999999701977,98,98.29999999701977,101.20000000298023,97.79999999701977,100.10000000149012,100.71999999955297
NewsSite-Next/NavigateToUS/Sync,53.29999999701977,43.79999999701977,42.600000001490116,41.600000001490116,43.5,42,42.19999999552965,42.899999998509884,41.899999998509884,42.399999998509884,43.619999998807906
NewsSite-Next/NavigateToUS/Async,59.29999999701977,59.399999998509884,56.20000000298023,55.30000000447035,56.79999999701977,56,56.100000001490116,58.30000000447035,55.899999998509884,57.70000000298023,57.100000000745055
NewsSite-Next/NavigateToWorld,68.80000000447035,64.39999999850988,66.59999999403954,63.899999998509884,64.10000000149012,65.79999999701977,63.29999999701977,69.5,63.80000000447035,64,65.41999999955297
NewsSite-Next/NavigateToWorld/Sync,31.600000001490116,27.100000001490116,27,27,27,27,26.600000001490116,27.599999994039536,26.900000005960464,26.899999998509884,27.470000000298022
NewsSite-Next/NavigateToWorld/Async,37.20000000298023,37.29999999701977,39.599999994039536,36.899999998509884,37.100000001490116,38.79999999701977,36.69999999552965,41.900000005960464,36.899999998509884,37.100000001490116,37.94999999925494
NewsSite-Next/NavigateToPolitics,66,63.099999994039536,61,60.19999999552965,59.80000000447035,61.19999999552965,60.20000000298023,114,60.100000001490116,60.400000005960464,66.6
NewsSite-Next/NavigateToPolitics/Sync,31.700000002980232,26.69999999552965,26.799999997019768,26.19999999552965,26.100000001490116,26.5,26.299999997019768,29.599999994039536,26.299999997019768,26.400000005960464,27.259999998658895
NewsSite-Next/NavigateToPolitics/Async,34.29999999701977,36.399999998509884,34.20000000298023,34,33.70000000298023,34.69999999552965,33.900000005960464,84.40000000596046,33.80000000447035,34,39.3400000013411
NewsSite-Nuxt,171.99999999254942,181.70000000298023,174.29999999701977,174.90000000596046,174.80000000447035,176.50000000745058,175.99999999254942,176,173.90000000596046,187.79999999701977,176.79000000059605
NewsSite-Nuxt/NavigateToUS,59.5,69.30000000447035,58.70000000298023,59.20000000298023,59.20000000298023,59.29999999701977,59.79999999701977,63.79999999701977,58.20000000298023,66.60000000149012,61.36000000089407
NewsSite-Nuxt/NavigateToUS/Sync,21.399999998509884,22.700000002980232,22.200000002980232,22.899999998509884,21.80000000447035,21.69999999552965,23,21.100000001490116,21.399999998509884,22.899999998509884,22.11000000014901
NewsSite-Nuxt/NavigateToUS/Async,38.100000001490116,46.600000001490116,36.5,36.30000000447035,37.399999998509884,37.600000001490116,36.79999999701977,42.69999999552965,36.80000000447035,43.70000000298023,39.25000000074506
NewsSite-Nuxt/NavigateToWorld,56.599999994039536,56.29999999701977,59.29999999701977,59.399999998509884,59.29999999701977,60.20000001043081,59.099999994039536,57.5,59.100000001490116,65.59999999403954,59.23999999836087
NewsSite-Nuxt/NavigateToWorld/Sync,20.799999997019768,20.69999999552965,21.099999994039536,21,21,21.400000005960464,21,20.69999999552965,20.799999997019768,22.19999999552965,21.069999998062848
NewsSite-Nuxt/NavigateToWorld/Async,35.79999999701977,35.600000001490116,38.20000000298023,38.399999998509884,38.29999999701977,38.80000000447035,38.099999994039536,36.80000000447035,38.30000000447035,43.399999998509884,38.170000000298025
NewsSite-Nuxt/NavigateToPolitics,55.899999998509884,56.100000001490116,56.29999999701977,56.30000000447035,56.30000000447035,57,57.100000001490116,54.70000000298023,56.600000001490116,55.600000001490116,56.190000001341105
NewsSite-Nuxt/NavigateToPolitics/Sync,20.600000001490116,20.600000001490116,20.899999998509884,20.899999998509884,21,21.200000002980232,21.100000001490116,20.5,20.899999998509884,20.5,20.820000000298023
NewsSite-Nuxt/NavigateToPolitics/Async,35.29999999701977,35.5,35.399999998509884,35.400000005960464,35.30000000447035,35.79999999701977,36,34.20000000298023,35.70000000298023,35.100000001490116,35.37000000104308
Editor-CodeMirror,71.80000000447035,50.099999994039536,37.600000001490116,45.49999999254942,57.99999999254942,44,45.30000000447035,35.80000000447035,60.5,38.1000000089407,48.670000000298025
Editor-CodeMirror/Long,44.600000001490116,28.899999998509884,18.700000002980232,26.69999999552965,35.19999999552965,23.600000001490116,26.200000002980232,16.600000001490116,32,19.200000002980232,27.170000000298025
Editor-CodeMirror/Long/Sync,32,20.19999999552965,10,9.899999998509884,19.600000001490116,13,10,9.900000005960464,19.899999998509884,10.899999998509884,15.539999999850988
Editor-CodeMirror/Long/Async,12.600000001490116,8.700000002980232,8.700000002980232,16.799999997019768,15.599999994039536,10.600000001490116,16.200000002980232,6.699999995529652,12.100000001490116,8.300000004470348,11.630000000447035
Editor-CodeMirror/Highlight,27.200000002980232,21.19999999552965,18.899999998509884,18.799999997019768,22.799999997019768,20.399999998509884,19.100000001490116,19.200000002980232,28.5,18.900000005960464,21.5
Editor-CodeMirror/Highlight/Sync,25.80000000447035,19.69999999552965,17.5,17.5,21.399999998509884,18.899999998509884,17.69999999552965,17.700000002980232,17.799999997019768,17.5,19.14999999925494
Editor-CodeMirror/Highlight/Async,1.3999999985098839,1.5,1.3999999985098839,1.2999999970197678,1.3999999985098839,1.5,1.4000000059604645,1.5,10.700000002980232,1.4000000059604645,2.350000000745058
Editor-TipTap,187.60000000149012,167.40000000596046,155.89999999850988,154.30000000447035,168.00000000745058,158.19999999552965,155.30000000447035,155.69999999552965,154.39999999850988,165.60000000149012,162.24000000134112
Editor-TipTap/Long,109.19999999552965,97.89999999850988,86.79999999701977,86,98.30000000447035,87.89999999850988,86.60000000149012,86.89999999850988,85,92.20000000298023,91.67999999970198
Editor-TipTap/Long/Sync,107.19999999552965,96.20000000298023,83.5,84.5,96.60000000149012,84.39999999850988,85.10000000149012,85.29999999701977,83.5,87.89999999850988,89.41999999955297
Editor-TipTap/Long/Async,2,1.6999999955296516,3.2999999970197678,1.5,1.7000000029802322,3.5,1.5,1.6000000014901161,1.5,4.300000004470348,2.2600000001490117
Editor-TipTap/Highlight,78.40000000596046,69.50000000745058,69.10000000149012,68.30000000447035,69.70000000298023,70.29999999701977,68.70000000298023,68.79999999701977,69.39999999850988,73.39999999850988,70.56000000163912
Editor-TipTap/Highlight/Sync,75.30000000447035,66.70000000298023,65.39999999850988,65.40000000596046,66.60000000149012,67.20000000298023,65.60000000149012,65.79999999701977,66.39999999850988,70.10000000149012,67.45000000149011
Editor-TipTap/Highlight/Async,3.100000001490116,2.8000000044703484,3.7000000029802322,2.899999998509884,3.100000001490116,3.0999999940395355,3.100000001490116,3,3,3.2999999970197678,3.110000000149012
Charts-observable-plot,110.79999999701977,92.79999999701977,106,101.19999999552965,85.59999999403954,89.50000000745058,84.99999999254942,114.89999999850988,83.99999999254942,84.70000000298023,95.44999999776482
Charts-observable-plot/Stacked by 6,46.69999999552965,38.79999999701977,41.5,32.5,32.19999999552965,31.80000000447035,32.099999994039536,47.19999999552965,32,31.600000001490116,36.63999999836087
Charts-observable-plot/Stacked by 6/Sync,34.69999999552965,30.799999997019768,23.5,24,22.600000001490116,21.600000001490116,24.099999994039536,31.799999997019768,22.399999998509884,22.400000005960464,25.78999999910593
Charts-observable-plot/Stacked by 6/Async,12,8,18,8.5,9.599999994039536,10.200000002980232,8,15.399999998509884,9.600000001490116,9.199999995529652,10.849999999254942
Charts-observable-plot/Stacked by 20,37,34.5,44.899999998509884,45.600000001490116,35,38.100000001490116,34.899999998509884,48.600000001490116,33.99999999254942,34.70000000298023,38.729999999701974
Charts-observable-plot/Stacked by 20/Sync,24.100000001490116,22.100000001490116,22.200000002980232,31.899999998509884,21.299999997019768,22.899999998509884,22.600000001490116,25,20.799999997019768,21,23.38999999985099
Charts-observable-plot/Stacked by 20/Async,12.899999998509884,12.399999998509884,22.69999999552965,13.700000002980232,13.700000002980232,15.200000002980232,12.299999997019768,23.600000001490116,13.199999995529652,13.700000002980232,15.339999999850988
Charts-observable-plot/Dotted,27.100000001490116,19.5,19.600000001490116,23.099999994039536,18.399999998509884,19.600000001490116,18,19.100000001490116,18,18.399999998509884,20.079999999701975
Charts-observable-plot/Dotted/Sync,15.200000002980232,10.899999998509884,9.600000001490116,10.399999998509884,9.899999998509884,10.300000004470348,9.600000001490116,9.399999998509884,9.600000001490116,9.800000004470348,10.470000001043081
Charts-observable-plot/Dotted/Async,11.899999998509884,8.600000001490116,10,12.699999995529652,8.5,9.299999997019768,8.399999998509884,9.700000002980232,8.399999998509884,8.599999994039536,9.609999998658896
Charts-chartjs,130.89999999850988,119.59999999403954,104.3999999910593,106.39999999850988,109.89999999850988,112.40000000596046,159.20000000298023,111.10000000149012,107.09999999403954,109.39999999850988,117.03999999836087
Charts-chartjs/Draw scatter,65.30000000447035,58,47.899999998509884,47.899999998509884,49.899999998509884,50.600000001490116,93.60000000149012,50.600000001490116,49.899999998509884,49.80000000447035,56.350000000745055
Charts-chartjs/Draw scatter/Sync,58.600000001490116,54.399999998509884,44.600000001490116,44.5,44.80000000447035,45.69999999552965,84.19999999552965,46.600000001490116,45,44.899999998509884,51.329999999701975
Charts-chartjs/Draw scatter/Async,6.700000002980232,3.600000001490116,3.2999999970197678,3.399999998509884,5.0999999940395355,4.9000000059604645,9.400000005960464,4,4.899999998509884,4.9000000059604645,5.020000001043082
Charts-chartjs/Show tooltip,29.899999998509884,25.19999999552965,22.899999998509884,25,23,24.100000001490116,26.100000001490116,24,22.799999997019768,23,24.59999999925494
Charts-chartjs/Show tooltip/Sync,0.6999999955296516,0.3999999985098839,0.29999999701976776,0.3999999985098839,0.29999999701976776,0.3999999985098839,0.3999999985098839,0.29999999701976776,0.29999999701976776,0.3999999985098839,0.3899999976158142
Charts-chartjs/Show tooltip/Async,29.200000002980232,24.799999997019768,22.600000001490116,24.600000001490116,22.700000002980232,23.700000002980232,25.700000002980232,23.700000002980232,22.5,22.600000001490116,24.210000001639127
Charts-chartjs/Draw opaque scatter,35.69999999552965,36.399999998509884,33.599999994039536,33.5,37,37.70000000298023,39.5,36.5,34.399999998509884,36.599999994039536,36.089999998360874
Charts-chartjs/Draw opaque scatter/Sync,31.100000001490116,32.79999999701977,30.099999994039536,30.200000002980232,33.29999999701977,34.20000000298023,35.899999998509884,32.100000001490116,30.899999998509884,32.69999999552965,32.32999999895692
Charts-chartjs/Draw opaque scatter/Async,4.5999999940395355,3.600000001490116,3.5,3.2999999970197678,3.7000000029802322,3.5,3.600000001490116,4.399999998509884,3.5,3.899999998509884,3.7599999994039535
React-Stockcharts-SVG,183.70000000298023,181.39999999850988,159.39999999850988,159.19999999552965,168.59999999403954,169,183,159.20000000298023,162.2999999895692,192.70000000298023,171.84999999850987
React-Stockcharts-SVG/Render,53.600000001490116,53.19999999552965,40.399999998509884,40.19999999552965,41.5,42.899999998509884,53.599999994039536,40.29999999701977,41.599999994039536,42.600000001490116,44.98999999761581
React-Stockcharts-SVG/Render/Sync,45.400000005960464,45.899999998509884,32.5,32.399999998509884,34.100000001490116,35.29999999701977,46.5,32.399999998509884,34.399999998509884,35.20000000298023,37.41000000014901
React-Stockcharts-SVG/Render/Async,8.199999995529652,7.299999997019768,7.899999998509884,7.799999997019768,7.399999998509884,7.600000001490116,7.0999999940395355,7.899999998509884,7.199999995529652,7.399999998509884,7.579999997466802
React-Stockcharts-SVG/PanTheChart,42.69999999552965,38.80000000447035,33.70000000298023,34,36.79999999701977,35.20000000298023,39.600000001490116,33.600000001490116,34.100000001490116,33,36.15000000074506
React-Stockcharts-SVG/PanTheChart/Sync,7.199999995529652,7.200000002980232,5,5,5.699999995529652,5.100000001490116,7,5.100000001490116,4.899999998509884,5,5.719999999552965
React-Stockcharts-SVG/PanTheChart/Async,35.5,31.600000001490116,28.700000002980232,29,31.100000001490116,30.100000001490116,32.600000001490116,28.5,29.200000002980232,28,30.43000000119209
React-Stockcharts-SVG/ZoomTheChart,87.40000000596046,89.39999999850988,85.29999999701977,85,90.29999999701977,90.89999999850988,89.80000000447035,85.30000000447035,86.59999999403954,117.10000000149012,90.71000000014901
React-Stockcharts-SVG/ZoomTheChart/Sync,84.80000000447035,87.19999999552965,83,82.80000000447035,88,88.5,87.5,83,84.29999999701977,106.60000000149012,87.57000000029802
React-Stockcharts-SVG/ZoomTheChart/Async,2.600000001490116,2.2000000029802322,2.2999999970197678,2.1999999955296516,2.2999999970197678,2.399999998509884,2.3000000044703484,2.3000000044703484,2.2999999970197678,10.5,3.139999999850988
Perf-Dashboard,91.5,81.59999999403954,81.99999999254942,81.10000000149012,81.19999999552965,83.69999999552965,80.70000000298023,81.30000000447035,92.19999999552965,80.89999999850988,83.61999999806285
Perf-Dashboard/Render,7,6.399999998509884,7.899999998509884,7.899999998509884,6.600000001490116,6.799999997019768,6.5,7.9000000059604645,9.399999998509884,6.399999998509884,7.279999999701976
Perf-Dashboard/Render/Sync,2,1.6999999955296516,1.7999999970197678,1.6000000014901161,2,2,1.8999999985098839,1.7000000029802322,1.8999999985098839,1.7999999970197678,1.8399999991059304
Perf-Dashboard/Render/Async,5,4.700000002980232,6.100000001490116,6.299999997019768,4.600000001490116,4.799999997019768,4.600000001490116,6.200000002980232,7.5,4.600000001490116,5.440000000596046
Perf-Dashboard/SelectingPoints,39,34.099999994039536,32.899999998509884,33.100000001490116,33.69999999552965,36,33.69999999552965,33,41.899999998509884,34.399999998509884,35.17999999821186
Perf-Dashboard/SelectingPoints/Sync,35.100000001490116,32,29.200000002980232,29.399999998509884,29.899999998509884,31.899999998509884,29.899999998509884,29.30000000447035,31.899999998509884,32.399999998509884,31.1
Perf-Dashboard/SelectingPoints/Async,3.899999998509884,2.0999999940395355,3.6999999955296516,3.7000000029802322,3.7999999970197678,4.100000001490116,3.7999999970197678,3.6999999955296516,10,2,4.079999998211861
Perf-Dashboard/SelectingRange,45.5,41.100000001490116,41.19999999552965,40.100000001490116,40.899999998509884,40.899999998509884,40.50000000745058,40.399999998509884,40.899999998509884,40.100000001490116,41.16000000014901
Perf-Dashboard/SelectingRange/Sync,40.70000000298023,39,39.5,38.5,39.19999999552965,39.29999999701977,38.600000001490116,38.79999999701977,38.099999994039536,38.5,39.019999998807904
Perf-Dashboard/SelectingRange/Async,4.799999997019768,2.100000001490116,1.6999999955296516,1.6000000014901161,1.7000000029802322,1.6000000014901161,1.9000000059604645,1.6000000014901161,2.8000000044703484,1.6000000014901161,2.1400000013411047
Geomean,99.04465434948348,89.51879201644047,86.81788369308342,87.03834045066422,88.61531814788722,88.53679149753842,89.05835778143023,86.76844028121725,89.48711746348906,85.99237821453877,89.08780738957725
Score,10.096456053765966,11.170838853772135,11.518364160259619,11.4891896470249,11.284730686529077,11.294739543704868,11.2285924073991,11.524927689825834,11.174792845551229,11.628937596133717,11.241156948396645